{
    "accuracy": 0.9548545650417453,
    "precision_attack": 0.9593559370123422,
    "recall_attack": 0.9462674036241517,
    "f1_attack": 0.9527667218484731,
    "roc_auc": 0.990083550997453,
    "confusion_matrix": {
        "tn": 14838,
        "fp": 573,
        "fn": 768,
        "tp": 13525
    }
}