{
  "accuracy": 0.5214785887422569,
  "precision_attack": 1.0,
  "recall_attack": 0.005527181137619814,
  "f1_attack": 0.010993598664069022,
  "roc_auc": 0.5027635905688099
}