{
  "accuracy": 0.5188190142741719,
  "precision_attack": 0.0,
  "recall_attack": 0.0,
  "f1_attack": 0.0,
  "roc_auc": 0.49892064682985987
}