{
  "accuracy": 0.6853,
  "precision_attack": 0.11973305417429993,
  "recall_attack": 0.13503541912632822,
  "f1_attack": 0.12692467748647523,
  "roc_auc": 0.4922810077088268
}