{
    "accuracy": 0.9986254118309792,
    "precision_attack": 0.995575117370892,
    "recall_attack": 0.9962884224620914,
    "f1_attack": 0.9959316421958565,
    "roc_auc": 0.9997339488950808,
    "confusion_matrix": {
        "tn": 418635,
        "fp": 377,
        "fn": 316,
        "tp": 84823
    }
}