{
    "accuracy": 0.8954717931730771,
    "precision_attack": 0.6235028971272376,
    "recall_attack": 0.9618271297525224,
    "f1_attack": 0.7565642380679614,
    "roc_auc": 0.973188270437388,
    "confusion_matrix": {
        "tn": 369564,
        "fp": 49448,
        "fn": 3250,
        "tp": 81889
    }
}