{
    "accuracy": 0.9985440869898106,
    "precision_attack": 0.9954333611166547,
    "recall_attack": 0.9959478030044985,
    "f1_attack": 0.9956905156116063,
    "roc_auc": 0.9978676001040875,
    "confusion_matrix": {
        "tn": 418623,
        "fp": 389,
        "fn": 345,
        "tp": 84794
    }
}